id,caption,media_type,media_url,permalink,caption_length,has_cta,tone,hashtag_count,timestamp,quality_score
,"Ma quando mai si √® visto?

Fornitori ed artigiani hanno tutti chiuso dal 25 luglio al 25 agosto ü§¶üèΩ‚Äç‚ôÄÔ∏è

Ed io che avrei voluto organizzarmi il lavoro per settembre, niente da fare!

Ed a questo punto‚Ä¶me ne vado al mare anche io ovviamente rientrer√≤ per il 25 agosto‚Ä¶
che √® anche il mio onomastico quindi, 

che si sappia: io il 25 agosto non ho mai lavorato, ma quest‚Äôanno lavorer√≤.

bando alle ciance andiamo alle informazioni importanti: 

Io rientro per farvi l‚Äôultima parte delle spedizioni gioved√¨ 7 agosto!!!!

Sei ancora in tempo quindi per ordinare qualcosa da portarti al mare üí¶

Un abbraccio grande e ci ritroviamo qui con racconti, chiacchiere  e tante risate.

#bigiotteriaartigianale 
#fattoamanoinitalia 
#bijouxaddict",VIDEO,https://instagram.ftrn5-1.fna.fbcdn.net/o1/v/t2/f2/m86/AQPSw-M35qxoTYfZt8Wzg15IFFHTAMsJE6EgCGT4rvhk7gJ6PgDblcuknNAQXUhq0d-2GMA71rGfIG8xJxz3GxNsxZzpfOx8ZAH039E.mp4?_nc_cat=105&_nc_oc=AdkHrA_mq0aXetUAnVh3UOYAm3rZ43P79nX3LYPVUyaej8KXE64J9LUHwBdb5ys5sDk&_nc_sid=5e9851&_nc_ht=instagram.ftrn5-1.fna.fbcdn.net&_nc_ohc=CXf0e0bfomYQ7kNvwF2zVT7&efg=eyJ2ZW5jb2RlX3RhZyI6Inhwdl9wcm9ncmVzc2l2ZS5JTlNUQUdSQU0uQ0xJUFMuQzMuNzIwLmRhc2hfYmFzZWxpbmVfMV92MSIsInhwdl9hc3NldF9pZCI6MjIwODM1MzU1OTYxNTUyMywidmlfdXNlY2FzZV9pZCI6MTAwOTksImR1cmF0aW9uX3MiOjQ3LCJ1cmxnZW5fc291cmNlIjoid3d3In0%3D&ccb=17-1&vs=ac2b2cf36ae6a381&_nc_vs=HBksFQIYUmlnX3hwdl9yZWVsc19wZXJtYW5lbnRfc3JfcHJvZC9COTRGNTQxNDE4RTAwRUNGRkZGRjU1RTUwMzg4RjZBMV92aWRlb19kYXNoaW5pdC5tcDQVAALIARIAFQIYOnBhc3N0aHJvdWdoX2V2ZXJzdG9yZS9HRHkwUFJfTTJva3JzRmdEQUhkTUlUV0Rnc3NiYnFfRUFBQUYVAgLIARIAKAAYABsCiAd1c2Vfb2lsATEScHJvZ3Jlc3NpdmVfcmVjaXBlATEVAAAmxuCsl4yf7AcVAigCQzMsF0BHwAAAAAAAGBJkYXNoX2Jhc2VsaW5lXzFfdjERAHX-B2XmnQEA&_nc_gid=TDuDsQKz_lxFnCGnarjsEg&edm=AM6HXa8EAAAA&_nc_zt=28&oh=00_AfWZT4gaHhHOxeWq2rHFvNmGxjWAKpl_f_yXOfMeu6DD6w&oe=689539CA,https://www.instagram.com/reel/DMsCcp9oQyZ/,731,True,neutro,3,2025-07-29,3
,"Oggi giornatona !
Pacchi da spedire, clienti da coccolare, qualche imprevisto‚Ä¶eh s√¨ ogni tanto ci sta.

Ebbene  mi serviva la mia dose di serotonina‚Ä¶
e per me vuol dire solo una cosa:

un‚Äôoretta al banchetto, io e le mie stelline verdi a pois.

C‚Äô√® chi va a correre (no, no, tranquilli non io!),
c‚Äô√® chi si rilassa dallo psy‚Ä¶

io invece impugno pinzette, inforco gli occhiali
e mi perdo nel mio mondo di colori, pietre e fantasia.

Una stellina, due stelline‚Ä¶
fino alla quinta.

Poi la chicca finale:
la sesta stellina in coda,
cos√¨ anche chi guarda le spalle vede qualcosa che brilla.

Perch√© s√¨, i dettagli fanno la differenza, anzi che dico? 
Fanno tutto!

Questa √® la mia terapia,
il mio modo di rimettere in ordine la giornata‚Ä¶
una collanella alla volta.

E tu? Cosa fai per rilassarti? üíö‚≠ê

#dietrolequinte #fattoamanoinitalia #bigiotteriaartigianale #collaninepersonalizzate 
#stellemarine",VIDEO,https://instagram.ftrn5-1.fna.fbcdn.net/o1/v/t2/f2/m86/AQNfYbwnEk0EO_NaVpOS1nbf2FeyDMNaNIfmgZi7hdZuzDXRD0KIYDlPeCB_8-7DvMWDQdQhQS-U1X3ER5lBIf9IOPKhesjqkda1E-4.mp4?_nc_cat=111&_nc_oc=AdkbLfzAHwCF_Szwc9Hbu3BUSiKtyDqYnxS4HyRF4QpFlH_WjXar9g3yvwGGSdHUtgY&_nc_sid=5e9851&_nc_ht=instagram.ftrn5-1.fna.fbcdn.net&_nc_ohc=iI-Gigd7d6QQ7kNvwFXwTww&efg=eyJ2ZW5jb2RlX3RhZyI6Inhwdl9wcm9ncmVzc2l2ZS5JTlNUQUdSQU0uQ0xJUFMuQzMuNzIwLmRhc2hfYmFzZWxpbmVfMV92MSIsInhwdl9hc3NldF9pZCI6MTI0MzM5ODEzMzY2NDQwMCwidmlfdXNlY2FzZV9pZCI6MTAwOTksImR1cmF0aW9uX3MiOjU0LCJ1cmxnZW5fc291cmNlIjoid3d3In0%3D&ccb=17-1&vs=c7c5305a8f144164&_nc_vs=HBksFQIYUmlnX3hwdl9yZWVsc19wZXJtYW5lbnRfc3JfcHJvZC84MDQ3QTUyQzQ2OENFNjJDNzJCNTU2REE4RDlGNDNCRV92aWRlb19kYXNoaW5pdC5tcDQVAALIARIAFQIYOnBhc3N0aHJvdWdoX2V2ZXJzdG9yZS9HRkJ3Vng4TU51aFVNcGtFQUVJcnpkUS1SaWwtYnFfRUFBQUYVAgLIARIAKAAYABsCiAd1c2Vfb2lsATEScHJvZ3Jlc3NpdmVfcmVjaXBlATEVAAAmoKqSgaa3tQQVAigCQzMsF0BLSHKwIMScGBJkYXNoX2Jhc2VsaW5lXzFfdjERAHX-B2XmnQEA&_nc_zt=28&oh=00_AfX153Utm8DkGLb3TjD-AdkCfqjPyDLJ67sqpC4EV6STgw&oe=689542C0,https://www.instagram.com/reel/DMqeOq_obOe/,895,False,educativo,5,2025-07-28,2
,"Mi hanno detto ‚Äúfai vedere quando prepari i pacchi, come fanno quelli bravi‚Äù ed eccomi con il dietro le quinte delle spedizioni.

Non sia mai detto che non faccio i compiti a casa!! ü´£

E oggi la postazione esplode di 

RAINBOW Bamb√π, collane girocollo e lunghe,
ON OFF , i ciondoli che metti dove vuoi tu: Cuore Sacro (oggi sicuramente il pi√π gettonato!) 
& Pesce Snodato e menomale anche qualche
RAINBOW Originale & FALL collane lunghe.

E mentre guardi questo REEL, nelle storie prepariamo davvero un pacco insieme (pennina, scotch e poesia inclusi).

Cos√¨ sembra che lo stiamo facendo insieme davvero ‚ú®(sono tutta scema lo so ü§£)

üí¨ Hai mai ricevuto un pacco da 5cinque? 

Raccontamelo nei commenti!

üì¶ E se ancora non sei dei nostri‚Ä¶direi che √® il momento di rimediare üòâ

#bigiotteriaartigianale 
#fattoamanoinitalia 
#bijouxaddict 
#dietrolequinte 
#letspackanorder",VIDEO,https://instagram.ftrn5-1.fna.fbcdn.net/o1/v/t2/f2/m86/AQOjHuwd27mz04cf3P8hK7bnmAtgyYU1nrk9f4OFsiPT1SVIYCRO2YCHACOQhvtcy1AwpWZjitCyZwqM5nz6jKgsIEsOhszIoUDHYsk.mp4?_nc_cat=109&_nc_oc=AdnxF62475LIaUggrHuziUdsa1gTOPfvUnPci2MJF0nZGsDtH29SXAVvHojD7uK1PwU&_nc_sid=5e9851&_nc_ht=instagram.ftrn5-1.fna.fbcdn.net&_nc_ohc=Sko1FM92Zo8Q7kNvwEa_2Nd&efg=eyJ2ZW5jb2RlX3RhZyI6Inhwdl9wcm9ncmVzc2l2ZS5JTlNUQUdSQU0uQ0xJUFMuQzMuNzIwLmRhc2hfYmFzZWxpbmVfMV92MSIsInhwdl9hc3NldF9pZCI6MjUwODMzMjc2NDQ2MDA4NTksInZpX3VzZWNhc2VfaWQiOjEwMDk5LCJkdXJhdGlvbl9zIjoyNSwidXJsZ2VuX3NvdXJjZSI6Ind3dyJ9&ccb=17-1&vs=90fd09f6bf2c594d&_nc_vs=HBksFQIYUmlnX3hwdl9yZWVsc19wZXJtYW5lbnRfc3JfcHJvZC85MzRFNDlDNzlDRUZDQ0U4OTUyNzRBNzdCNDE2MDI5RF92aWRlb19kYXNoaW5pdC5tcDQVAALIARIAFQIYOnBhc3N0aHJvdWdoX2V2ZXJzdG9yZS9HSVRGRmg5NEc2ZkRuX0FFQU1LV05jUzd0bmxaYnFfRUFBQUYVAgLIARIAKAAYABsCiAd1c2Vfb2lsATEScHJvZ3Jlc3NpdmVfcmVjaXBlATEVAAAmtqjUoOrJjlkVAigCQzMsF0A5gAAAAAAAGBJkYXNoX2Jhc2VsaW5lXzFfdjERAHX-B2XmnQEA&_nc_gid=TDuDsQKz_lxFnCGnarjsEg&edm=AM6HXa8EAAAA&_nc_zt=28&oh=00_AfUC49JoXItbRbyxByb3NCduoBYUcYqrUle-3RRAjliVlg&oe=68952912,https://www.instagram.com/reel/DMXxbeOogTQ/,869,False,neutro,5,2025-07-21,2
,"Sai qual √® la differenza tra ‚Äúcaro‚Äù e ‚Äúcostoso‚Äù?

Io l‚Äôho scoperta 11 estati fa (non √® vero la conosceva gi√† ü§≠)‚Ä¶partendo da una borsa da mare.

Il 5 maggio 2015 nasceva 5cinque con 55 borse double-face, numerate, personalizzabili e belle da impazzire.
Belle per davvero, non belle ‚Äúper dire‚Äù.

Pap√† perplesso. Artigiano disperato. Io? 
Felice come una pasqua.

In 3 giorni: sold out.
Godo ancora adesso ogni volta che vedo una di quelle borse in giro per Bali, Capri o pure Ostia, va bene lo stesso.

üìçPerch√© ti racconto tutto questo? 

Perch√© questo √® 5cinque:

Design fuori dagli schemi, attenzione maniacale ai dettagli, zero compromessi sulla qualit√†.
Fatto come piace a me. Se va di moda bene, altrimenti va bene uguale!

Come per le borse anche e, se vuoi di pi√π, per i bijoux, cavolo questo √® il mio mondo e tutta la mia esperienza tra pietre e gioielli servir√† a qualcosa?!

üåä Rifar√≤ mai le borse? Forse s√¨, forse no.
Il problema √® che 11 estati dopo ce le abbiamo ancora tutte.
Ecco cosa vuol dire costose: fatte BENE. Mea culpa üòé

Ed una cosa √® certa: 5cinque non √® un brand.
√à una dichiarazione d‚Äôamore per le cose belle, fatte bene e con tutta l‚Äôanima.

üí¨ E se anche tu hai fatto qualcosa a capa tua, raccontamelo nei commenti!

#bigiotteriaartigianale 
#fattoamanoinitalia 
#bijouxaddict 
#lecosechepiaccionoame",VIDEO,https://instagram.ftrn5-1.fna.fbcdn.net/o1/v/t2/f2/m86/AQNlBhLymvljbjGoZ01goCCcLSyIJnwJJGPT3DSne6dU9AmN3K5itUbSU8CIuyNsBzUgqqdLVjpHfnbnjELEK7ooK_OOONotPhkY_4M.mp4?_nc_cat=111&_nc_oc=AdnzfPVXzuHNGY8Prv1iATTe_7khg0ge5BK5UZNWhHUdJ7DoNqEbkIkb1NmjNbUtGrM&_nc_sid=5e9851&_nc_ht=instagram.ftrn5-1.fna.fbcdn.net&_nc_ohc=sivvKKw6C2UQ7kNvwFbn5mU&efg=eyJ2ZW5jb2RlX3RhZyI6Inhwdl9wcm9ncmVzc2l2ZS5JTlNUQUdSQU0uQ0xJUFMuQzMuNzIwLmRhc2hfYmFzZWxpbmVfMV92MSIsInhwdl9hc3NldF9pZCI6Mzk3ODMxNDMzNTgxNjc4MiwidmlfdXNlY2FzZV9pZCI6MTA4MjcsImR1cmF0aW9uX3MiOjE3MSwidXJsZ2VuX3NvdXJjZSI6Ind3dyJ9&ccb=17-1&vs=ca566a70651b1a31&_nc_vs=HBksFQIYUmlnX3hwdl9yZWVsc19wZXJtYW5lbnRfc3JfcHJvZC9BQjQ0NEQ0NkY4RUVGRjE1RTlEMThFOEQ1OEE0NEZCOV92aWRlb19kYXNoaW5pdC5tcDQVAALIARIAFQIYOnBhc3N0aHJvdWdoX2V2ZXJzdG9yZS9HSWtVSFJfMEhlVWh1cWNDQUNKbmFtejZQSDB6YnFfRUFBQUYVAgLIARIAKAAYABsCiAd1c2Vfb2lsATEScHJvZ3Jlc3NpdmVfcmVjaXBlATEVAAAmnLHUzK-QkQ4VAigCQzMsF0BlZ3S8an76GBJkYXNoX2Jhc2VsaW5lXzFfdjERAHX-B2WWqQEA&_nc_gid=TDuDsQKz_lxFnCGnarjsEg&edm=AM6HXa8EAAAA&_nc_zt=28&oh=00_AfWvksHHk5b7O42X2wrL6zdfkaY0tR2bqaR5RKK0GbTAbA&oe=68954940,https://www.instagram.com/reel/DMNd9jQIJAV/,1324,False,educativo,4,2025-07-17,2
,"Una collana, mille personalit√†.

Oggi Simona ci mostra la sua versione preferita delle RAINBOW ORIGINAL: 

lunga, doppio giro o‚Ä¶ a cravatta! üòé‚ú®

90 cm di pura versatilit√†:
üåà pietre dure coloratissime
üî∏ le nostre iconiche astine in ottone
üí´ e quel tocco di 5cinque che le rende sempre uniche.

Una collana sola, tre stili diversi‚Ä¶ e tu, quale scegli?

Mostraci la tua versione taggandoci con #my5cinque‚Ä¶non vediamo l‚Äôora di scoprirla! üí•

#bigiotteriaartigianale #diffonderelabellezza #bijouxaddict #fattoamanoinitalia",VIDEO,https://instagram.ftrn5-1.fna.fbcdn.net/o1/v/t2/f2/m86/AQPrNaJLn3M2gAUOdvMtYwEqkxRRlDMwbG83-x2ca9VxzEeljeSls1kCxUbo1CQBKUwTTeL3Dtua4AmkJvjvIPB7ENP8b91IzESJIVk.mp4?_nc_cat=105&_nc_oc=AdnxvX7_09krfdTNMPQNYtQmeOCRllIW2rH6IQmWRjuxyfTug6G6E8dvrvGLQotxeEc&_nc_sid=5e9851&_nc_ht=instagram.ftrn5-1.fna.fbcdn.net&_nc_ohc=gfRe2sdb_ZcQ7kNvwFC-qRB&efg=eyJ2ZW5jb2RlX3RhZyI6Inhwdl9wcm9ncmVzc2l2ZS5JTlNUQUdSQU0uQ0xJUFMuQzMuNDgwLmRhc2hfYmFzZWxpbmVfMV92MSIsInhwdl9hc3NldF9pZCI6MTc1OTg5MzA1Nzk5MTEyMiwidmlfdXNlY2FzZV9pZCI6MTAwOTksImR1cmF0aW9uX3MiOjEzLCJ1cmxnZW5fc291cmNlIjoid3d3In0%3D&ccb=17-1&vs=f6be248662a3faec&_nc_vs=HBksFQIYUmlnX3hwdl9yZWVsc19wZXJtYW5lbnRfc3JfcHJvZC85RjRDRjY3QUZBMDIxOUI4REUwNkI2ODM5MUJGRjM4OV92aWRlb19kYXNoaW5pdC5tcDQVAALIARIAFQIYOnBhc3N0aHJvdWdoX2V2ZXJzdG9yZS9HRUFfdEI2S0lrbFpNRWdJQUtaME5EbWNCd0FRYnFfRUFBQUYVAgLIARIAKAAYABsCiAd1c2Vfb2lsATEScHJvZ3Jlc3NpdmVfcmVjaXBlATEVAAAmpMeDiaGnoAYVAigCQzMsF0Ar7peNT987GBJkYXNoX2Jhc2VsaW5lXzFfdjERAHX-B2XmnQEA&_nc_gid=TDuDsQKz_lxFnCGnarjsEg&edm=AM6HXa8EAAAA&_nc_zt=28&oh=00_AfVsGPgRe01UYQFHJKMSOPZPMHBxGinYN7BM3RjImz6ryA&oe=6895265E,https://www.instagram.com/reel/DL4XiZ4IvNl/,516,True,neutro,5,2025-07-09,3
,"üéØ Sfida per intenditori:

Tra queste 3 collane solo una √® in bamb√π. 
Le altre due? Sono in corallo naturale.

Occhio fino? Cuore allenato? Prova a indovinare.

üå± Il bamb√π marino √® un vegetale bianco che tingerlo bene √® un‚Äôarte.
Molti lo propongono in colori irreali‚Ä¶noi no. 

Il nostro ha il tono giusto, talmente naturale che si confonde col vero corallo.

ü™∏ Il corallo naturale invece √® tutta un‚Äôaltra storia: animale marino, noi lo lucidiamo solo: mai tinto ‚ÄºÔ∏è
Prezioso, raro, da collezione.

‚ú® Ecco perch√© questa √® una Special Edition della nostra collezione Rainbow: 

bellezza accessibile, con l‚Äôeffetto wow del lusso vero.

üëá Riconosci qual √® il filo di bamb√π? Scrivilo nei commenti!

#bigiotteriaartigianale 
#corallobamb√π 
#bijouxaddict 
#fattoamanoinitalia 
#collanepietredure",VIDEO,https://instagram.ftrn5-2.fna.fbcdn.net/o1/v/t2/f2/m86/AQPDL1axD2vq_jwc3Is9u_1-67z76MyIwIjBBqK2TPaxTn0ePj3uY9TtcVqxOniT8lVZzb1REPrf9490VVNEazQkTfBvFGEcTD7RAT4.mp4?_nc_cat=106&_nc_oc=AdkxpIwg8su7DDM_8tWF04zZaSuEvrWbUSv-dwckUEfp9HEHy4uvrOtfr7cNfFv-6Ow&_nc_sid=5e9851&_nc_ht=instagram.ftrn5-2.fna.fbcdn.net&_nc_ohc=KjuEpCR5XcwQ7kNvwGwuieE&efg=eyJ2ZW5jb2RlX3RhZyI6Inhwdl9wcm9ncmVzc2l2ZS5JTlNUQUdSQU0uQ0xJUFMuQzMuNzIwLmRhc2hfYmFzZWxpbmVfMV92MSIsInhwdl9hc3NldF9pZCI6MTExNDEzODUwMDUyNzcwNywidmlfdXNlY2FzZV9pZCI6MTAwOTksImR1cmF0aW9uX3MiOjIzLCJ1cmxnZW5fc291cmNlIjoid3d3In0%3D&ccb=17-1&vs=6ec8601f558045de&_nc_vs=HBksFQIYUmlnX3hwdl9yZWVsc19wZXJtYW5lbnRfc3JfcHJvZC8xMjQ0QjFBODg1ODg4MTNFRDM0QjAwREVBNTkzOERBN192aWRlb19kYXNoaW5pdC5tcDQVAALIARIAFQIYOnBhc3N0aHJvdWdoX2V2ZXJzdG9yZS9HQjA2dlI3TW5ITmt4UTVzQU1KaXRPYURSZm9UYnFfRUFBQUYVAgLIARIAKAAYABsCiAd1c2Vfb2lsATEScHJvZ3Jlc3NpdmVfcmVjaXBlATEVAAAmttnv2LLT-gMVAigCQzMsF0A390vGp--eGBJkYXNoX2Jhc2VsaW5lXzFfdjERAHX-B2XmnQEA&_nc_zt=28&oh=00_AfVuLOfiTxE2rfFyJLkQfRfcp5_a6-bQtVZmC5M1h6YHmw&oe=68952547,https://www.instagram.com/reel/DL2x1qyoINl/,786,False,educativo,5,2025-07-08,2
,"ATTENZIONE  questo non √® 

un gioiello, ripeto non √® un gioiello: 

√à un biglietto (di sola andata?! üòú) per il mareüí¶

PORTAMIALMAREüí¶ √® la collezione 5cinque che ci porta in vacanza, 

quella che ogni estate torna con qualche novit√†‚Ä¶
‚Ä¶e quest‚Äôanno arrivano due nuovi amici a far compagnia ai classici pesciolini rigati:

Stelle Marine a pois üòâ
e Meduse chic e non urticanti ü§≠ 

Se sei team ‚Äúcollanina pronta‚Äù, la spedisco io.

Se sei team ‚Äúfaccio io il mix‚Äù, scegli i tuoi ciondolini ON-OFF e divertiti a personalizzare.
(PS: su una RAINBOW fanno faville.)

Dal 16 luglio torno operativa quindi

üëâtu pensa a come la vuoi, 
‚úîÔ∏èio penso a fartela arrivare ovunque ti trovi!
(E nel frattempo studia bene il tuo mix‚Ä¶ü§≠) 

#bijouxaddict #dettaglidistile #diffonderelabellezza #pesciolini #stellamarina",VIDEO,https://instagram.ftrn5-1.fna.fbcdn.net/o1/v/t2/f2/m86/AQN7rr2E6kDGPYdSlWhcQ8bs5IR1xru5UIb8P13gtlC8leIXLtkC3D5CsbCNvRJA-3mHsMUgASWlNWGdWfosDI0kuGbt11Y1_8uiM_Q.mp4?_nc_cat=104&_nc_oc=AdlOvT4trmQBKfejqJAPyYg8Z5Ahigzpta25kvmiIw5XWyzHvqQH305a7tofYxVfvBM&_nc_sid=5e9851&_nc_ht=instagram.ftrn5-1.fna.fbcdn.net&_nc_ohc=zafJoUnCB6AQ7kNvwGcWvov&efg=eyJ2ZW5jb2RlX3RhZyI6Inhwdl9wcm9ncmVzc2l2ZS5JTlNUQUdSQU0uQ0xJUFMuQzMuNzIwLmRhc2hfYmFzZWxpbmVfMV92MSIsInhwdl9hc3NldF9pZCI6MjY4NTIyNjE5NTIwMjU0NiwidmlfdXNlY2FzZV9pZCI6MTAwOTksImR1cmF0aW9uX3MiOjI0LCJ1cmxnZW5fc291cmNlIjoid3d3In0%3D&ccb=17-1&vs=a8624d0a864a00ab&_nc_vs=HBksFQIYUmlnX3hwdl9yZWVsc19wZXJtYW5lbnRfc3JfcHJvZC9CRTQ4ODBEQTFGNkM0MjdFMUExOTdGMzAyQzUyRENCOV92aWRlb19kYXNoaW5pdC5tcDQVAALIARIAFQIYOnBhc3N0aHJvdWdoX2V2ZXJzdG9yZS9HS1F6dEI1QnU5ekozcTlYQU9BOTdBb2lnZThlYnFfRUFBQUYVAgLIARIAKAAYABsCiAd1c2Vfb2lsATEScHJvZ3Jlc3NpdmVfcmVjaXBlATEVAAAm5MeNmN6MxQkVAigCQzMsF0A4MzMzMzMzGBJkYXNoX2Jhc2VsaW5lXzFfdjERAHX-B2XmnQEA&_nc_zt=28&oh=00_AfUOJ2DvZjEX5ozkChWuhfosQyiq1OfHYwrLKd7K6Q7OMw&oe=68954CE5,https://www.instagram.com/reel/DLkh3gIIPfF/,793,False,neutro,5,2025-07-01,2
